artigoEmPeriodico	2013		Pervasive Computing Applied to the Care of Patients with Dementia in Homecare Environments	International Journal of UbiComp (IJU)	BASTIANI, E. ; LIBRELOTTO, GIOVANI RUBERT	Qualis nao identificado	International Journal of UbiComp (IJU)
artigoEmPeriodico	2013	http://dx.doi.org/10.5335/rbca.2013.2586	Uma definição ontológica de elementos de contexto relevantes na adaptação de documentos em ambientes hospitalares pervasivos	Revista Brasileira de Computação Aplicada	MARAN, V. ; AUGUSTIN, I. ; SACCOL, D. ; LIBRELOTTO, Giovani R.	B5	
artigoEmPeriodico	2012		A Escola no Meio Digital: Novos Desafios do Ensinar e do Aprender	Vidya (Santa Maria. Impresso)	DALTROZO ILHA, D. ; LIBRELOTTO, Giovani R.	C	
artigoEmPeriodico	2012		Ontologias para a Representação de Cláusulas FLWOR XQuery	Revista do CCEI	LOOSE, M. B. ; SACCOL, D. ; Librelotto, G.R.	B5	
artigoEmPeriodico	2012		Uma Ontologia para um Sistema de Recomendação de Materiais Didáticos em Educação a Distância Sensível ao Estado Afetivo do Aluno	Revista do CCEI	PEREIRA, A. ; FACCIN, L. F. ; Librelotto, G.R. ; AUGUSTIN, I.	B5	
artigoEmPeriodico	2012	http://dx.doi.org/10.1039/C2MB25242B	Induced genome maintenance pathways in pre-cancer tissues describe an anti-cancer barrier in tumor development	Molecular Biosystems (Print)	SIMAO, E. ; BUGS, C. A. ; Sinigaglia, Marialva ; CASTRO, M. A. A. ; ALVES, R. C. O. ; Librelotto, G.R. ; Mombach, José CM	Qualis nao identificado	Molecular Biosystems (Print)
artigoEmPeriodico	2011	http://dx.doi.org/10.1186/1471-2164-12-S4-S10	A method to identify important dynamical states in boolean models of regulatory networks: application to regulation of stomata closure by ABA in A	thaliana. BMC Genomics	Bugs, Cristhian A ; Librelotto, Giovani R ; Mombach, José CM	Qualis nao identificado	thaliana. BMC Genomics
artigoEmPeriodico	2011	http://dx.doi.org/10.5335/rbca.2011.009	O Processamento de uma Ontologia sobre a Integração de Dados de Vias de Interação Molecular Envolvidas em Câncer	Revista Brasileira de Computação Aplicada	CABRAL, H. C. B. ; LIBRELOTTO, Giovani R. ; SIMAO, E. ; SINIGAGLIA, M. ; CASTRO, M. A. A. ; MOMBACH, J. C. M.	B5	
artigoEmPeriodico	2011		Uma modelagem ontológica de hospitais pervasivos aplicada ao Ontohealth	Revista do CCEI	FREITAS, L. O. ; PEREIRA, R. T. ; AZEVEDO, R. P. ; KURTZ, G. C. ; MARTINI, R. G. ; MOZZAQUATRO, B. ; LIBRELOTTO, Giovani R.	B5	
artigoEmPeriodico	2011		Um Modelo Ontológico para Representação de Conhecimento sobre Cariótipos Humanos	Revista do CCEI	KURTZ, G. C. ; LIBRELOTTO, Giovani R. ; PERLES, L. A. ; SAGRILLO, M. R.	B5	
artigoEmPeriodico	2011		O impacto da Web 3.0 nas políticas de controle de acesso a internet	Revista do CCEI	MACEDO, R. T. ; FIORIN, A. ; LIBRELOTTO, Giovani R. ; NUNES, R. C. ; AUGUSTIN, I.	B5	
artigoEmPeriodico	2011	http://dx.doi.org/10.5335/rbca.2011.008	Simulando o modelo ORCH-OR através de autômatos celulares quânticos	Revista Brasileira de Computação Aplicada	MARTINS, M. O. ; VIZZOTTO, J. K. ; LIBRELOTTO, Giovani R.	B5	
artigoEmPeriodico	2011		Ontologia para o ambiente virtual de aprendizagem Moodle	Cadernos de Informática (UFRGS)	PIOVESAN, S. D. ; AMARAL, E. M. H. ; LIBRELOTTO, Giovani R. ; MEDINA, R. D.	C	
artigoEmPeriodico	2010		O Projeto de uma Ontologia para Representar o Conhecimento de Vias Metabólicas Relativas ao Câncer	Revista do CCEI	LIBRELOTTO, Giovani R. ; CABRAL, H. C. B. ; SIMAO, E. ; SINIGAGLIA, M. ; CASTRO, M. A. A. ; MOMBACH, J. C. M.	B5	
artigoEmPeriodico	2010		Definindo Correlações entre Palavras-Chave e Autores no PubMed	Gestão (Curitiba)	LIBRELOTTO, Giovani R. ; KURTZ, G. C.	C	
artigoEmPeriodico	2010	http://dx.doi.org/10.1016/j.physa.2010.05.051	Modeling the Human Genome Maintenance network	Physica. A (Print)	Simão, Éder M. ; Cabral, Heleno B. ; Castro, Mauro A.A. ; Sinigaglia, Marialva ; Mombach, José C.M. ; LIBRELOTTO, Giovani R.	B2	
artigoEmPeriodico	2009		Criando um Modelo Relacional para o PubMed Central	Disciplinarum Scientia. Série Ciências Naturais e Tecnológicas	FIORIN, D. ; CORDENONZI, W. H. ; LIBRELOTTO, Giovani R.	C	
artigoEmPeriodico	2009	http://dx.doi.org/10.1504/IJRIS.2009.028016	Topic maps constraint languages: understanding and comparing	International Journal of Reasoning-Based Intelligent Systems (Print)	LIBRELOTTO, Giovani R. ; Azevedo, R.P. ; Ramalho, J.C. ; Henriques, P.R.	B4	International Journal of Reasoning Based Intelligent Systems (Print)
artigoEmPeriodico	2009		XSTM Editor Um Ambiente para Especificação de Regras para a Extração de Topic Maps	Revista do CCEI	LIBRELOTTO, Giovani R. ; GASSEN, J. B.	B5	
artigoEmPeriodico	2009		Geração de Topic Maps dirigidos por Ontologias para a Computação Sensível ao Contexto	Revista do CCEI	LIBRELOTTO, Giovani R. ; GASSEN, J. B. ; FREITAS, L. O. ; AUGUSTIN, I.	B5	
artigoEmPeriodico	2009		Aplicando o OntoHealth para o Processamento e Consultas de Ontologias para Ambientes Hospitalares Pervasivos	iSys: Revista Brasileira de Sistemas de Informação	LIBRELOTTO, Giovani R. ; GASSEN, J. B. ; FREITAS, L. O. ; VIZZOTTO, J. K. ; SILVA, F. L. ; AUGUSTIN, I.	B3	
artigoEmPeriodico	2009		Topic Maps Dirigidos por Ontologias	Revista de Ciência Tecnologia	LIBRELOTTO, Giovani R. ; GASSEN, J. B. ; RAMALHO, José Carlos ; HENRIQUES, Pedro Rangel	Qualis nao identificado	Revista de Ciência Tecnologia
artigoEmPeriodico	2009		Aplicando Topic Maps para a Representação de Mapas de Conceitos	Vidya (Santa Maria)	LIBRELOTTO, Giovani R. ; LOPES, Sandra Cristina Gonçalves Silva ; KURTZ, G. C. ; TURCHETTI, Rogério Correa ; HENRIQUES, Pedro Rangel	Qualis nao identificado	Vidya (Santa Maria)
artigoEmPeriodico	2009		Comparando Linguagens para o Armazenamento de Informação Genômica	Revista do CCEI	LIBRELOTTO, Giovani R. ; SILVEIRA, Leandro ; CABRAL, H. C. B.	B5	
artigoEmPeriodico	2009		Localização Física de Dispositivos em Computação Pervasiva utilizando o Gerenciador de Rede WICD	Revista do CCEI	PASETTO, L. F. ; TURCHETTI, Rogério Correa ; LIBRELOTTO, Giovani R. ; BAGGIO, J. E.	B5	
artigoEmPeriodico	2008		ActiveRulexDBX: Uma Ferramenta para a Execução de Regras a partir da Detecção de Eventos Temporais	Gestão (Curitiba)	KASPER, J. ; SIMONETTO, Eugênio de Oliveira ; LIBRELOTTO, Giovani R.	C	
artigoEmPeriodico	2008		Um estudo de caso sobre ambientes para implementação de aplicações distribuídas	Revista do CCEI	LIBRELOTTO, Giovani R. ; ALVES, V. M. ; MOZZAQUATRO, B. ; TURCHETTI, Rogério Correa ; NUNES, R. C.	B5	
artigoEmPeriodico	2008		Visualização de Topic Maps com o Ulisses	Revista do CCEI	LIBRELOTTO, Giovani R. ; AZEVEDO, R. P. ; GASSEN, J. B. ; RAMALHO, José Carlos ; HENRIQUES, Pedro Rangel	B5	
artigoEmPeriodico	2008	http://dx.doi.org/10.1007/978-3-540-70874-2_10	Comparing Topic Maps Constraint Specification Languages	Lecture Notes in Computer Science	LIBRELOTTO, Giovani R. ; AZEVEDO, R. P. ; RAMALHO, José Carlos ; HENRIQUES, Pedro Rangel	C	
artigoEmPeriodico	2008		Uma Ferramenta para o Processamento da Representação do Domínio de Atividades Médicas	Hífen (Uruguaiana)	LIBRELOTTO, Giovani R. ; FREITAS, L. O. ; GASSEN, J. B. ; SILVEIRA, M. C. ; TURCHETTI, Rogério Correa ; SILVA, F. L. ; AUGUSTIN, I.	C	Hífen (Uruguaiana. Online)
artigoEmPeriodico	2008		Making Metamorphosis Available On The Web With Web Services	Revista do CCEI	LIBRELOTTO, Giovani R. ; GASSEN, J. B. ; TURCHETTI, Rogério Correa ; HENRIQUES, Pedro Rangel	B5	
artigoEmPeriodico	2008		Distributed Reactive Synchronous Programming Language	INFOCOMP (UFLA)	LIBRELOTTO, Giovani R. ; GASSEN, J. B. ; TURCHETTI, Rogério Correa ; TOSCANI, Simão Sirineo	Qualis nao identificado	INFOCOMP (UFLA)
artigoEmPeriodico	2008		Um ambiente para Auxíliar na Produção de Documentos Didáticos	Revista do CCEI	LIBRELOTTO, Giovani R. ; SARAIVA, J. ; CASSAL, Marcos Luís	B5	
artigoEmPeriodico	2008		Construção de Topic Maps para a Representação de Conhecimento em Citologia	Logos (Canoas)	OSMARI, G. F. ; TEMP, F. ; SAGRILO, M. R. ; SAGRILLO, M. R. ; LIBRELOTTO, Giovani R.	C	
artigoEmPeriodico	2008		Suporte À Localização Física De Dispositivos Móveis Para Aplicações Pervasivas	Revista do CCEI	PASETTO, L. F. ; SANTOS, A. V. ; TASCHETTO, D. ; TURCHETTI, Rogério Correa ; LIBRELOTTO, Giovani R.	B5	
artigoEmPeriodico	2007		Mapeamento da norma ISO 13250 Topic Maps para Banco de Dados Relacionais	Disciplinarum Scientia. Série Ciências Naturais e Tecnológicas	INDRUSIAK, Lucas ; AZEVEDO, R. P. ; LIBRELOTTO, Giovani R.	C	
artigoEmPeriodico	2007		Integração das Fontes de Dados do Museu da Emigração Português	Disciplinarum Scientia. Série Ciências Naturais e Tecnológicas	KURTZ, G. C. ; LIBRELOTTO, Giovani R. ; RAMALHO, José Carlos ; HENRIQUES, Pedro Rangel	C	
artigoEmPeriodico	2007		O computador como ferramenta na educação à distância	Vidya (Santa Maria)	LIBRELOTTO, Giovani R. ; AVILA, Carine	Qualis nao identificado	Vidya (Santa Maria)
artigoEmPeriodico	2007		Integrando a Produçao de Documentos Didáticos com Ontologias: o Sistema e-Nsino	IEEE-RITA	LIBRELOTTO, Giovani R. ; CASSAL, Marcos Luís	Qualis nao identificado	IEEE-RITA
artigoEmPeriodico	2007		Extraindo Ontologias Representadas em Topic Maps a partir de Documentos XML	Revista do CCEI	LIBRELOTTO, Giovani R. ; FLORES, Felipe Lovato	B5	
artigoEmPeriodico	2007		A Semântica Operacional da Linguagem RS	Hífen (Uruguaiana)	LIBRELOTTO, Giovani R. ; TURCHETTI, Rogério Correa ; TOSCANI, Simão Sirineo	C	Hífen (Uruguaiana. Online)
artigoEmPeriodico	2007		Comparando as Linguagens para Representação de Ontologias	Disciplinarum Scientia. Série Ciências Naturais e Tecnológicas	MARTINS, M. O. ; LIBRELOTTO, Giovani R.	C	
artigoEmPeriodico	2007		Comparando Linguagens para Representação de Ontologias	Disciplinarum Scientia. Série Ciências Naturais e Tecnológicas	MARTINS, M. O. ; LIBRELOTTO, Giovani R.	C	
artigoEmPeriodico	2007		Aplicações de XML na Bioinformática	Disciplinarum Scientia. Série Ciências Naturais e Tecnológicas	SILVEIRA, Leandro ; LIBRELOTTO, Giovani R.	C	
artigoEmPeriodico	2006	http://dx.doi.org/10.1007/11676904	Metamorphosis - A Topic Maps Based Environment to Handle Heterogeneous Information Resources	Lecture Notes in Computer Science, Springer-Verlag GmbH	LIBRELOTTO, Giovani R. ; RAMALHO, José Carlos ; HENRIQUES, Pedro Rangel	C	Lecture Notes in Computer Science
artigoEmPeriodico	2005		Geração automática de interfaces Web para Sistemas de Informação: Metamorphosis	Sistemas de Informação (Braga)	LIBRELOTTO, Giovani R. ; RAMALHO, José Carlos ; HENRIQUES, Pedro Rangel	Qualis nao identificado	Sistemas de Informação (Braga)
artigoEmPeriodico	2004	http://dx.doi.org/10.1145/991118.991122	XCSL Tutorial	Crossroads, ACM Press	JACINTO, Marta Henriques ; LIBRELOTTO, Giovani R. ; RAMALHO, José Carlos ; HENRIQUES, Pedro Rangel	Qualis nao identificado	Crossroads, ACM Press
artigoEmPeriodico	2004		TM-Builder: An Ontology Builder based on XML Topic Maps	CLEI Electronic Journal	LIBRELOTTO, Giovani R. ; RAMALHO, José Carlos ; HENRIQUES, Pedro Rangel	B5	
artigoEmPeriodico	2003		XCSL: XML Constraint Specification Language	CLEI Electronic Journal	JACINTO, Marta Henriques ; LIBRELOTTO, Giovani R. ; RAMALHO, José Carlos ; HENRIQUES, Pedro Rangel	B5	
artigoEmPeriodico	2002		Uso da Linguagem RS em Robótica	Revista do DETUA	ARNOLD, Gustavo Vasconselos ; LIBRELOTTO, Giovani R. ; HENRIQUES, Pedro Rangel ; FONSECA, J. C.	Qualis nao identificado	Revista do DETUA
artigoEmPeriodico	2002		Linguagem RS: Um Caso de Estudo	Hífen (Uruguaiana)	LIBRELOTTO, Giovani R. ; ARNOLD, Gustavo Vasconselos ; HENRIQUES, Pedro Rangel	C	Hífen (Uruguaiana. Online)
artigoEmPeriodico	2001		Apresentação do Compilador RS 5.0	Revista do CCEI, Univ. da Região da Campanha	LIBRELOTTO, Giovani R. ; TOSCANI, Simão Sirineo	Qualis nao identificado	Revista do CCEI, Univ. da Região da Campanha
artigoEmPeriodico	2001		Ambiente gerador de programas Java para Autômatos RS Distribuídos	Revista do CCEI, Univ. Regional da Campanha	RUBIN, R. R. ; LIBRELOTTO, Giovani R. ; TOSCANI, Simão Sirineo	Qualis nao identificado	Revista do CCEI, Univ. Regional da Campanha
artigoEmPeriodico	2000		Novo Núcleo de Comunicação do MDX	Revista do CCEI, Univ. Regional da Campanha	LIBRELOTTO, Giovani R. ; TOSCANI, Simão Sirineo ; COPETTI, A.	Qualis nao identificado	Revista do CCEI, Univ. Regional da Campanha
trabalhoCompletoEmCongresso	2013		Uso de ambientes virtuais como instrumento facilitador de aprendizagem	X Evidosol/VII Ciltec-online (X Encontro Virtual de Documentação em Software Livre (EVIDOSOL) e VII Congresso Internacional de Linguagem e Tecnologia online (CILTEC-online)	LEMOS, A. K. ; Librelotto, G.R.	Qualis nao identificado	X Evidosol/VII Ciltec-online (X Encontro Virtual de Documentação em Software Livre (EVIDOSOL) e VII Congresso Internacional de Linguagem e Tecnologia online (CILTEC-online)
trabalhoCompletoEmCongresso	2012	http://dx.doi.org/10.1109/UIC-ATC.2012.161	Applying pervasive computing in an architecture for homecare environments	IEEE 9th International Conference on Ubiquitous Computing and Intelligence/IEEE 9th International Conference on Autonomic and Trusted Computing	FREITAS, L. O. ; Librelotto, G.R. ; PEREIRA, H. ; KASPER, J. ; MARTINI, R. G. ; MOZZAQUATRO, B. ; PEREIRA, R. T.	A1	International Conference on Ubiquitous Computing
trabalhoCompletoEmCongresso	2012		A Methodology for an Architecture of Pervasive Systems to Homecare Environments	CENTERIS 2012 - Conference on ENTERprise Information Systems / HCIST 2012 - International Conference on Health and Social Care Information Systems and Technologies	FREITAS, L. O. ; PEREIRA, R. T. ; PEREIRA, H. ; MARTINI, R. G. ; MOZZAQUATRO, B. ; KASPER, J. ; Librelotto, G.R.	Qualis nao identificado	CENTERIS 2012 - Conference on ENTERprise Information Systems / HCIST 2012 - International Conference on Health and Social Care Information Systems and Technologies
trabalhoCompletoEmCongresso	2012		Estudo de métodos para execução de regras ativas através da detecção de eventos temporais em sistemas de gerenciamento de bancos de dados	XI Simpósio de Informática da UNIFRA	KASPER, J. ; GEBERT, C. ; LIBRELOTTO, Giovani R. ; SACCOL, D.	Qualis nao identificado	XI Simpósio de Informática da UNIFRA
trabalhoCompletoEmCongresso	2012		Uma abordagem para monitoramento de pacientes com Alzheimer em ambientes homecare pervasivos	WIM 2012 - XII Workshop de Informática Médica	LIBRELOTTO, Giovani R. ; BASTIANI, E. ; SOARES, K.	B4	Workshop de Informática Médica
trabalhoCompletoEmCongresso	2012		Utilizando a Ontocancro para traçar o perfil das vias de manutenção da estabilidade genômica	WIM 2012 - XII Workshop de Informática Médica	LIBRELOTTO, Giovani R. ; PEREIRA, R. T. ; AZEVEDO, R. P. ; MOMBACH, J. C. M.	B4	Workshop de Informática Médica
trabalhoCompletoEmCongresso	2012		Personalização automática de interface para dispositivos móveis em Ambientes Pervasivos	SEMISH 2012 - XXXIX Seminário Integrado de Software e Hardware	MARTINI, R. G. ; LIBRELOTTO, Giovani R.	B4	Seminário Integrado de Software e Hardware
trabalhoCompletoEmCongresso	2012	http://dx.doi.org/10.1109/CLEI.2012.6427255	An approach to automatic customization of user interfaces for mobile devices in pervasive environments	2012 XXXVIII Conferencia Latinoamericana En Informatica (CLEI)	MARTINI, RICARDO GIULIANI ; LIBRELOTTO, GIOVANI RUBERT ; DE AZEVEDO, RENATO PREIGSCHADT ; FIORIN, ANDRE ; KASPER, JEFERSON ; MOZZAQUATRO, BRUNO AUGUSTI ; PEREIRA, RAFAEL	B4	CLEI
trabalhoCompletoEmCongresso	2012		Definição de uma Arquitetura para o Uso de Computação nas Nuvens em Ambientes de Computação Pervasiva	SEMISH 2012 - XXXIX Seminário Integrado de Software e Hardware	PEREIRA, H. ; LIBRELOTTO, Giovani R.	B4	Seminário Integrado de Software e Hardware
trabalhoCompletoEmCongresso	2011	http://dx.doi.org/10.1109/U-MEDIA.2011.51	OntoHealth: A System to Process Ontologies Applied to Health Pervasive Environment	4th International Conference on Ubi-media Computing (U-Media 2011)	LIBRELOTTO, Giovani R. ; FREITAS, L. O. ; FIORIN, A. ; MOZZAQUATRO, B. ; PASETTO, L. F. ; MARTINI, R. G. ; AZEVEDO, R. P. ; PEREIRA, R. T.	Qualis nao identificado	4th International Conference on Ubi-media Computing (U-Media 2011)
trabalhoCompletoEmCongresso	2011		Cálculo de Ambientes Tipado para Aplicações Pervasivas Seguras	11a Escola Regional de Alto Desempenho	PASQUALIN, D. P. ; LIBRELOTTO, Giovani R. ; VIZZOTTO, J. K.	B5	Escola Regional de Alto Desempenho
trabalhoCompletoEmCongresso	2011		uMED: Sensibilidade ao Contexto na Medicina Ubíqua	11a Escola Regional de Alto Desempenho (ERAD 2011)	PASQUALIN, D. P. ; VIZZOTTO, J. K. ; LIBRELOTTO, Giovani R. ; BOIS, A. R.	B5	Escola Regional de Alto Desempenho
trabalhoCompletoEmCongresso	2011		Ontologia para o Ambiente Virtual de Aprendizagem Moodle	VI Congresso Ibero-Americano de Telemática	PIOVESAN, S. D. ; AMARAL, E. M. H. ; LIBRELOTTO, Giovani R. ; MEDINA, R. D.	Qualis nao identificado	VI Congresso Ibero-Americano de Telemática
trabalhoCompletoEmCongresso	2011		Anti-cancer barrier during tumor evolution: a study of expression of genome maintenance pathways	7th International Conference of the Brazilian Association for Bioinformatics and Computational Biology	SIMAO, E. ; SINIGAGLIA, M. ; BUGS, C. A. ; CASTRO, M. A. A. ; LIBRELOTTO, Giovani R. ; MOMBACH, J. C. M.	B4	International Conference of the Brazilian Association for Bioinformatics and Computational Biology
trabalhoCompletoEmCongresso	2010		O Processamento de uma Ontologia sobre a Integração de Dados sobre Vias Metabólicas relativas ao Câncer	II Simpósio de Computação Aplicada - SCA 2010	CABRAL, H. C. B. ; LIBRELOTTO, Giovani R. ; SIMAO, E. ; SINIGAGLIA, M. ; CASTRO, M. A. A. ; MOMBACH, J. C. M.	Qualis nao identificado	II Simpósio de Computação Aplicada - SCA 2010
trabalhoCompletoEmCongresso	2010		Extending a Middleware for Pervasive Computing to Programmable Task Management in an Environment of Personalized Clinical Activities	The Fourth International Conference on Mobile Ubiquitous Computing	FERREIRA, G. L. ; LIBRELOTTO, Giovani R. ; AUGUSTIN, I. ; SILVA, F. L. ; MACHADO, A. ; YAMIN, A.	A1	International Conference on Ubiquitous Computing
trabalhoCompletoEmCongresso	2010		Uma Integração de Dados sobre Vias Metabólicas relativas ao Câncer: a ontologia Ontocancro	10ª Conferência da Associação Portuguesa de Sistemas de Informação (CAPSI 2010)	LIBRELOTTO, Giovani R. ; CABRAL, H. C. B. ; PEREIRA, R. T. ; HENRIQUES, Pedro Rangel ; SINIGAGLIA, M. ; CASTRO, M. A. A. ; SIMAO, E. ; MOMBACH, J. C. M.	Qualis nao identificado	10ª Conferência da Associação Portuguesa de Sistemas de Informação (CAPSI 2010)
trabalhoCompletoEmCongresso	2010		Aplicando o OntoHealth na representação de um contexto hospitalar	II Simpósio de Computação Aplicada - SCA 2010	LIBRELOTTO, Giovani R. ; FREITAS, L. O. ; GASSEN, J. B.	Qualis nao identificado	II Simpósio de Computação Aplicada - SCA 2010
trabalhoCompletoEmCongresso	2010		Ferramenta para Definição de Contexto pelo Usuário-Final na Programação de Tarefas Clínicas em um Sistema de Saúde Pervasivo	SBCUP II Simpósio Brasileiro de Computação Ubíqua e Pervasiva	MACHADO, A. ; LIBRELOTTO, Giovani R. ; AUGUSTIN, I.	B5	Simpósio Brasileiro de Computação Ubíqua e Pervasiva
trabalhoCompletoEmCongresso	2010		Ciência do Contexto para Tarefas Clínicas em um Sistema de Saúde Pervasivo	XXXVI Conferência Latino-americana de Informática (XXXVI CLEI)	MACHADO, A. ; VICENTINI, C. ; LIBRELOTTO, Giovani R. ; AUGUSTIN, I.	Qualis nao identificado	XXXVI Conferência Latino-americana de Informática (XXXVI CLEI)
trabalhoCompletoEmCongresso	2010		Simulando o modelo ORCH-OR através de autômatos celulares quânticos	II Simpósio de Computação Aplicada - SCA 2010	MARTINS, M. O. ; VIZZOTTO, J. K. ; LIBRELOTTO, Giovani R.	Qualis nao identificado	II Simpósio de Computação Aplicada - SCA 2010
trabalhoCompletoEmCongresso	2010		Linguagens de Programação para a Computação Pervasiva	ERAD 2010 - Escola Regional de Alto Desempenho	PASQUALIN, D. P. ; VIZZOTTO, J. K. ; LIBRELOTTO, Giovani R. ; BOIS, A. R.	B5	Escola Regional de Alto Desempenho
trabalhoCompletoEmCongresso	2009		Uma abordagem alternativa para consultar o banco de dados do PubMed	VII SEMINFO - Seminário de Informática RS'2009	AZEVEDO, R. P. ; PEREIRA, R. T. ; MARTINI, R. G. ; KURTZ, G. C. ; NUNES, R. C. ; LIBRELOTTO, Giovani R.	Qualis nao identificado	VII SEMINFO - Seminário de Informática RS'2009
trabalhoCompletoEmCongresso	2009	http://dx.doi.org/10.1145/1551693.1551695	Middleware for management of end-user programming of clinical activities in a pervasive environment	Workshop on Middleware for Ubiquitous and Pervasive Systems	FERREIRA, G. L. ; AUGUSTIN, I. ; LIBRELOTTO, Giovani R. ; SILVA, F. L. ; YAMIN, A.	Qualis nao identificado	Workshop on Middleware for Ubiquitous and Pervasive Systems
trabalhoCompletoEmCongresso	2009		Adaptando o Middleware EXEHDA para o Tratamento de Atividades Clínicas	XXXV Conferencia Latinoamericana de Informática (CLEI 2009)	FERREIRA, G. L. ; LIBRELOTTO, Giovani R. ; SILVA, F. L. ; AUGUSTIN, I.	B4	Conferencia Latinoamericana de Informática
trabalhoCompletoEmCongresso	2009		Introduzindo o Gerenciando de Tarefas Clínicas em um Middleware da Computação Pervasiva	IX Workshop de Informática Médica (WIM 2009)	FERREIRA, G. L. ; SILVA, F. L. ; LIBRELOTTO, Giovani R. ; AUGUSTIN, I. ; YAMIN, A.	B4	Workshop de Informática Médica
trabalhoCompletoEmCongresso	2009		Raciocínio sobre ontologias que descrevem conhecimento em um ambiente hospitalar pervasivo	VII SEMINFO - Seminário de Informática RS'2009	GASSEN, J. B. ; FREITAS, L. O. ; VIZZOTTO, S. ; AZEVEDO, R. P. ; LIBRELOTTO, Giovani R.	Qualis nao identificado	VII SEMINFO - Seminário de Informática RS'2009
trabalhoCompletoEmCongresso	2009		A Definição de uma API para o Processamento de Ontologias em Hospitais Pervasivos	V Simpósio Brasileiro de Sistemas de Informação (SBSI 2009)	LIBRELOTTO, Giovani R. ; GASSEN, J. B. ; FREITAS, L. O. ; SILVA, F. L. ; AUGUSTIN, I.	B4	Simpósio Brasileiro de Sistemas de Informação
trabalhoCompletoEmCongresso	2009		Especificação e Processamento de Ontologias para a Semantic Web	V Simpósio Brasileiro de Sistemas de Informação (SBSI 2009)	LIBRELOTTO, Giovani R. ; HENRIQUES, Pedro Rangel	B4	Simpósio Brasileiro de Sistemas de Informação
trabalhoCompletoEmCongresso	2009		Um Compilador para a Linguagem Reativa Síncrona Distribuída	Third Workshop on Languages and Tools for Parallel and Distributed Programming	LIBRELOTTO, Giovani R. ; VIZZOTTO, J. K. ; AUGUSTIN, I.	Qualis nao identificado	Third Workshop on Languages and Tools for Parallel and Distributed Programming
trabalhoCompletoEmCongresso	2009		Um Sistema para o Processamento de Informações Eletrônicas de Pacientes em Hospitais Pervasivos baseado na API do Google Health	VII SEMINFO - Seminário de Informática RS'2009	MARTINI, R. G. ; KURTZ, G. C. ; FREITAS, L. O. ; GASSEN, J. B. ; LIBRELOTTO, Giovani R.	Qualis nao identificado	VII SEMINFO - Seminário de Informática RS'2009
trabalhoCompletoEmCongresso	2009		Utilizando o Gerenciador de Rede WICD Com Localização Física de Dispositivos	X Workshop de Software Livre	PEREIRA, H. ; PASETTO, L. F. ; TURCHETTI, Rogério Correa ; BAGGIO, J. E. ; LIBRELOTTO, Giovani R.	Qualis nao identificado	X Workshop de Software Livre
trabalhoCompletoEmCongresso	2009		Uma Metodologia para Consultas aos Bancos de Dados do NCBI	4ª Conferência Ibérica de Sistemas e Tecnologias de Informação (CISTI 2009)	PEREIRA, R. T. ; LIBRELOTTO, Giovani R. ; HENRIQUES, Pedro Rangel	B4	CISTI
trabalhoCompletoEmCongresso	2009		Ferramenta para a Programação pelo Usuário-Final de Tarefas Clínicas em um Ambiente de Saúde Ubíquo	XXXV Conferencia Latinoamericana de Informática (CLEI 2009)	SILVA, F. L. ; FERREIRA, G. L. ; RIZZETTI, T. A. ; LIBRELOTTO, Giovani R. ; AUGUSTIN, I.	B4	Conferencia Latinoamericana de Informática
trabalhoCompletoEmCongresso	2009		Uma Metodologia para a Visualização das Redes Metabólicas da Ontocancro	Simpósio de Informática da Região Centro do RS (SIRC 2009)	SOARES, K. ; CABRAL, H. C. B. ; LIBRELOTTO, Giovani R.	Qualis nao identificado	Simpósio de Informática da Região Centro do RS (SIRC 2009)
trabalhoCompletoEmCongresso	2009		Reasoning About General Quantum Programs over Mixed States	Brazilian Symposium on Formal Methods (SBMF 2009)	VIZZOTTO, J. K. ; LIBRELOTTO, Giovani R. ; SABRY, A.	B4	SBMF
trabalhoCompletoEmCongresso	2008		Introduzindo a orientaçao a tarefas clínicas em um middleware de gerenciamento do espaço pervasivo	WPUC 2008 - II Workshop on Pervasive and Ubiquitous Computing	AUGUSTIN, I. ; SILVA, F. L. ; FERREIRA, G. L. ; LIBRELOTTO, Giovani R. ; YAMIN, A. ; RIZZETTI, T. A.	Qualis nao identificado	WPUC 2008 - II Workshop on Pervasive and Ubiquitous Computing
trabalhoCompletoEmCongresso	2008		Aplicando Consultas em Ontologias para Tarefas Médicas	VIII Simpósio de Informática do Planalto Médio	FREITAS, L. O. ; GASSEN, J. B. ; SILVEIRA, M. C. ; LIBRELOTTO, Giovani R.	Qualis nao identificado	VIII Simpósio de Informática do Planalto Médio
trabalhoCompletoEmCongresso	2008		Processamento de Ontologias Médicas aplicadas à Computação Pervasiva	Seminário de Tecnologia da Informação Aplicada	GASSEN, J. B. ; SILVEIRA, M. C. ; FREITAS, L. O. ; LIBRELOTTO, Giovani R.	Qualis nao identificado	Seminário de Tecnologia da Informação Aplicada
trabalhoCompletoEmCongresso	2008		Construção de uma Ontologia para um Hospital	VII Simpósio de Informática da Região Centro do Rio Grande do Sul	GASSEN, J. B. ; SILVEIRA, M. C. ; FREITAS, L. O. ; MARTINS, E. ; LIBRELOTTO, Giovani R.	Qualis nao identificado	VII Simpósio de Informática da Região Centro do Rio Grande do Sul
trabalhoCompletoEmCongresso	2008		Uma ferramenta para identificação automática de cromossomos humanos	III Simpósio de Informática do Planalto Médio	KURTZ, G. C. ; BORCHARTT, T. B. ; LIBRELOTTO, Giovani R. ; PERLES, L. A. ; SAGRILLO, M. R.	Qualis nao identificado	III Simpósio de Informática do Planalto Médio
trabalhoCompletoEmCongresso	2008		Identificação automática de cromossomos humanos	SIBGRAPI 2008 - Workshop of Undergraduate Work	KURTZ, G. C. ; BORCHARTT, T. B. ; LIBRELOTTO, Giovani R. ; PERLES, L. A. ; SAGRILLO, M. R.	Qualis nao identificado	SIBGRAPI 2008 - Workshop of Undergraduate Work
trabalhoCompletoEmCongresso	2008		Ontologias na Computação Pervasiva: a aplicação a um hospital	Seminário de Pesquisa em Ontologia	LIBRELOTTO, Giovani R. ; GASSEN, J. B. ; FREITAS, L. O. ; SILVEIRA, M. C.	Qualis nao identificado	Seminário de Pesquisa em Ontologia
trabalhoCompletoEmCongresso	2008		Uma Ontologia aplicada a um Ambiente Pervasivo Hospitalar	8ª Conferência da Associação Portuguesa de Sistemas de Informação	LIBRELOTTO, Giovani R. ; GASSEN, J. B. ; FREITAS, L. O. ; SILVEIRA, M. C. ; SILVA, F. L. ; AUGUSTIN, I. ; HENRIQUES, Pedro Rangel	Qualis nao identificado	8ª Conferência da Associação Portuguesa de Sistemas de Informação
trabalhoCompletoEmCongresso	2008		OntoHealth - Um framework para o gerenciamento de ontologias em ambientes hospitalares pervasivos	WPUC 2008 - II Workshop on Pervasive and Ubiquitous Computing	LIBRELOTTO, Giovani R. ; GASSEN, J. B. ; SILVEIRA, M. C. ; FREITAS, L. O.	Qualis nao identificado	WPUC 2008 - II Workshop on Pervasive and Ubiquitous Computing
trabalhoCompletoEmCongresso	2008		Geração de Topic Maps dirigidos por Ontologias para a Computação Sensível ao Contexto	3ª Conferencia Ibérica de Sistemas y Tecnologías de la Información	LIBRELOTTO, Giovani R. ; GASSEN, J. B. ; SILVEIRA, M. C. ; FREITAS, L. O. ; AUGUSTIN, I.	Qualis nao identificado	3ª Conferencia Ibérica de Sistemas y Tecnologías de la Información
trabalhoCompletoEmCongresso	2008		Applying association rules and dependency networks in the PubMed database	SBBD e SBES 2008 - IV Workshop em Algoritmos e Aplicações de Mineração de Dados	LIBRELOTTO, Giovani R. ; MACHADO, H. T. ; BERNARDI, G. ; TURCHETTI, Rogério Correa	B4	Workshop em Algoritmos e Aplicações de Mineração de Dados
trabalhoCompletoEmCongresso	2008		Generating Semantic Networks to the PubMed	XATA 2008 - XML: Aplicações e Tecnologias Associadas	LIBRELOTTO, Giovani R. ; MARTINS, M. O. ; MACHADO, H. T. ; VIZZOTTO, J. K. ; RAMALHO, José Carlos ; HENRIQUES, Pedro Rangel	Qualis nao identificado	XATA 2008 - XML: Aplicações e Tecnologias Associadas
trabalhoCompletoEmCongresso	2008	http://dx.doi.org/10.1145/1456536.1456567	A framework to specify, extract and manage topic maps driven by ontology	International Conference on Design of Communication (ACM SIGDOC)	LIBRELOTTO, Giovani R. ; RAMALHO, José Carlos ; HENRIQUES, Pedro Rangel ; GASSEN, J. B. ; TURCHETTI, Rogério Correa	B1	ACM International Conference on Design of Communication
trabalhoCompletoEmCongresso	2008		A Semântica Formal da Linguagem RS	Simpósio Brasileiro de Linguagens de Programação (SBLP)	LIBRELOTTO, Giovani R. ; VIZZOTTO, J. K. ; AUGUSTIN, I. ; TOSCANI, Simão Sirineo	B3	Simpósio Brasileiro de Linguagens de Programação
trabalhoCompletoEmCongresso	2008		Importância da regulação pela proteína tau na dinamicidade de microtúbulos neurais do modelo quântico de Hameroff-Penrose	Simpósio Internacional Uma Sociedade pós-humana? Possibilidades e limites das nanotecnologias	MARTINS, M. O. ; LIBRELOTTO, Giovani R. ; VIZZOTTO, J. K.	Qualis nao identificado	Simpósio Internacional Uma Sociedade pós-humana? Possibilidades e limites das nanotecnologias
trabalhoCompletoEmCongresso	2008		Suporte à Localização Física de Dispositivos Móveis para Aplicações Pervasivas	Jornadas Chilenas de Computación 2008	PASETTO, L. F. ; TASCHETTO, D. ; TURCHETTI, Rogério Correa ; LIBRELOTTO, Giovani R.	Qualis nao identificado	Jornadas Chilenas de Computación 2008
trabalhoCompletoEmCongresso	2008		Um Middleware para a Localização Física de Dispositivos Móveis em Aplicações Pervasivas	Jornadas Chilenas de Computación	PASETTO, L. F. ; TURCHETTI, Rogério Correa ; LIBRELOTTO, Giovani R.	Qualis nao identificado	Jornadas Chilenas de Computación
trabalhoCompletoEmCongresso	2008		Otimizando a Comunicação Entre Detectores de Defeitos em Sistemas Distribuídos	Congreso Argentino de Ciencias de la Computación	TURCHETTI, Rogério Correa ; NUNES, R. C. ; LIBRELOTTO, Giovani R.	Qualis nao identificado	Congreso Argentino de Ciencias de la Computación
trabalhoCompletoEmCongresso	2007		Criando Redes Semânticas a partir de consultas no PubMed	WTIC 2007 - IV Workshop de Trabalhos de Iniciação Científica	AZEVEDO, R. P. ; MACHADO, H. T. ; MARTINS, M. O. ; LIBRELOTTO, Giovani R.	Qualis nao identificado	WTIC 2007 - IV Workshop de Trabalhos de Iniciação Científica
trabalhoCompletoEmCongresso	2007		Um Ambiente para a Especificação de Regras para a Extração Automática de Ontologias em Topic Maps	Cricte 2007 - XXII Congresso Regional de Iniciação Científica e Tecnológica em Engenharia e VII Feira de Protótipos	GASSEN, J. B. ; LIBRELOTTO, Giovani R.	Qualis nao identificado	Cricte 2007 - XXII Congresso Regional de Iniciação Científica e Tecnológica em Engenharia e VII Feira de Protótipos
trabalhoCompletoEmCongresso	2007		Armazenamento e Pesquisa de Topic Maps em Banco de Dados Relacional	VI Simpósio de Informática da Região Centro do Rio Grande do Sul	INDRUSIAK, Lucas ; AZEVEDO, R. P. ; LIBRELOTTO, Giovani R.	Qualis nao identificado	VI Simpósio de Informática da Região Centro do Rio Grande do Sul
trabalhoCompletoEmCongresso	2007	http://dx.doi.org/10.1.1.67.151	Discovering Co-Relations on Research Topics and Authors from the PubMed Database	Portuguese Conference on Artificial Intelligence	LIBRELOTTO, Giovani R. ; ALVES, R. C. O. ; FERREIRA, P. G. D.	A1	Conference on Artificial Inteligence
trabalhoCompletoEmCongresso	2007		Navegando na Rede Semântica dos Topic Maps com o Ulisses	XATA 2007 - XML: Aplicações e Tecnologias Associadas	LIBRELOTTO, Giovani R. ; AZEVEDO, R. P. ; RAMALHO, José Carlos ; HENRIQUES, Pedro Rangel	Qualis nao identificado	XATA 2007 - XML: Aplicações e Tecnologias Associadas
trabalhoCompletoEmCongresso	2007		Topic Maps Constraint Specification Languages: comparing AsTMa!, OSL, and XTche	The First International Topic Maps User Conference	LIBRELOTTO, Giovani R. ; AZEVEDO, R. P. ; RAMALHO, José Carlos ; HENRIQUES, Pedro Rangel	Qualis nao identificado	The First International Topic Maps User Conference
trabalhoCompletoEmCongresso	2007		Topic Maps Constraint Languages: understanding and comparing	Portuguese Conference on Artificial Intelligence	LIBRELOTTO, Giovani R. ; AZEVEDO, R. P. ; RAMALHO, José Carlos ; HENRIQUES, Pedro Rangel	A1	Conference on Artificial Inteligence
trabalhoCompletoEmCongresso	2007		Comparing Topic Maps Constraint Specification Languages	International Conference on Topic Maps Research and Applications	LIBRELOTTO, Giovani R. ; AZEVEDO, R. P. ; RAMALHO, José Carlos ; HENRIQUES, Pedro Rangel	B5	
trabalhoCompletoEmCongresso	2007		Implementing TMCL: XTche - a topic map schema and constraint specification language	XXXIII Conferencia Latinoamericana de Informática	LIBRELOTTO, Giovani R. ; AZEVEDO, R. P. ; TURCHETTI, Rogério Correa ; RAMALHO, José Carlos ; HENRIQUES, Pedro Rangel	B4	Conferencia Latinoamericana de Informática
trabalhoCompletoEmCongresso	2007		Topic Maps applied to PubMed	Extreme Markup Languages 2007	LIBRELOTTO, Giovani R. ; FERREIRA, P. G. D. ; MARTINS, M. O. ; MACHADO, H. T. ; RAMALHO, José Carlos ; HENRIQUES, Pedro Rangel	Qualis nao identificado	Extreme Markup Languages 2007
trabalhoCompletoEmCongresso	2007		Using Web Services to put Metamorphosis on the Web	XXXIII Conferencia Latinoamericana de Informática	LIBRELOTTO, Giovani R. ; GASSEN, J. B. ; RAMALHO, José Carlos ; HENRIQUES, Pedro Rangel	B4	Conferencia Latinoamericana de Informática
trabalhoCompletoEmCongresso	2007		Aplicando Topic Maps a Ambientes Sensíveis ao Contexto	I Workshop on Pervasive and Ubiquitous Computing	LIBRELOTTO, Giovani R. ; MARTINS, M. O. ; MACHADO, H. T. ; SARAIVA, J. ; TURCHETTI, Rogério Correa ; SILVA, F. L. ; AUGUSTIN, I.	Qualis nao identificado	I Workshop on Pervasive and Ubiquitous Computing
trabalhoCompletoEmCongresso	2007		Construção de Topic Maps para a Representação de Conhecimento em Citologia	I Congresso Politécnico em Informática na Saúde	LIBRELOTTO, Giovani R. ; OSMARI, G. F. ; SAGRILO, M. R. ; TEMP, F. ; SAGRILLO, M. R.	Qualis nao identificado	I Congresso Politécnico em Informática na Saúde
trabalhoCompletoEmCongresso	2007		Estruturando o conhecimento com a norma ISO 13250 Topic Maps	VI Seminário de Informática - SEMINFO	LIBRELOTTO, Giovani R. ; RAMALHO, José Carlos ; HENRIQUES, Pedro Rangel	Qualis nao identificado	VI Seminário de Informática - SEMINFO
trabalhoCompletoEmCongresso	2007		Uma Abordagem Baseada em Ontologias para Sensibilidade ao Contexto na Computação Pervasiva	I Workshop on Pervasive and Ubiquitous Computing	LOPES, J. L. ; PERNAS, A. M. ; LIBRELOTTO, Giovani R. ; AUGUSTIN, I. ; YAMIN, A. ; AFONSO, F. ; PALAZZO, L. A.	Qualis nao identificado	I Workshop on Pervasive and Ubiquitous Computing
trabalhoCompletoEmCongresso	2007		Analisando qual a linguagem de suporte a ser adotada ao Ontology Builder: RDF, OWL ou XTM	VI Seminário de Informática - SEMINFO	MARTINS, M. O. ; LIBRELOTTO, Giovani R.	Qualis nao identificado	VI Seminário de Informática - SEMINFO
trabalhoCompletoEmCongresso	2006		The RS Language for Distributed Automata	XXXII Conferencia Latinoamericana de Informática (CLEI 2006)	LIBRELOTTO, Giovani R. ; CASSAL, Marcos Luís ; TURCHETTI, Rogério Correa ; DHEIN, Guilherme ; TOSCANI, Simão Sirineo	B4	Conferencia Latinoamericana de Informática
trabalhoCompletoEmCongresso	2006		Produzindo e Gerenciando Documentos Didáticos com o Sistema e-Nsino	Taller Internacional de Software Educativo	LIBRELOTTO, Giovani R. ; FRIEDRICH, Maurício ; NENÊ, Ricardo ; AZEVEDO, R. P. ; CASSAL, Marcos Luís	B4	
trabalhoCompletoEmCongresso	2006		Editando Documentos Didáticos no Sistema e-Nsino	IX Fórum de Tecnologia e XVI Seminário de Informática	LIBRELOTTO, Giovani R. ; FRIEDRICH, Maurício ; NENÊ, Ricardo ; CASSAL, Marcos Luís	Qualis nao identificado	IX Fórum de Tecnologia e XVI Seminário de Informática
trabalhoCompletoEmCongresso	2006		Produzindo Documentos Didáticos de Diversos Formatos para o Sistema e-Nsino	IX Fórum de Tecnologia e XVI Seminário de Informática	LIBRELOTTO, Giovani R. ; FRIEDRICH, Maurício ; NENÊ, Ricardo ; CASSAL, Marcos Luís	Qualis nao identificado	IX Fórum de Tecnologia e XVI Seminário de Informática
trabalhoCompletoEmCongresso	2006		e-Nsino: Um Sistema de auxílio à Produção e Gestão de Documentos Didáticos	III Simpósio Brasileiro de Sistemas de Informação	LIBRELOTTO, Giovani R. ; FRIEDRICH, Maurício ; NENÊ, Ricardo ; TURCHETTI, Rogério Correa ; CASSAL, Marcos Luís	B4	Simpósio Brasileiro de Sistemas de Informação
trabalhoCompletoEmCongresso	2006		Topic Maps Aplicados ao Sistema de Informação do Museu da Emigração	XML: Aplicações e Tecnologias Associadas	LIBRELOTTO, Giovani R. ; RAMALHO, José Carlos ; HENRIQUES, Pedro Rangel	Qualis nao identificado	XML: Aplicações e Tecnologias Associadas
trabalhoCompletoEmCongresso	2006		Metamorphosis: An Environment to Achieve Semantic Interoperability with Topic Maps	III Simpósio Brasileiro de Sistemas de Informação	LIBRELOTTO, Giovani R. ; RAMALHO, José Carlos ; HENRIQUES, Pedro Rangel	B4	Simpósio Brasileiro de Sistemas de Informação
trabalhoCompletoEmCongresso	2006		Estruturação de Documentos Didáticos para o Ambiente e-Nsino	IX Fórum de Tecnologia e XVI Seminário de Informática	LIBRELOTTO, Giovani R. ; SILVA, Ivaldo	Qualis nao identificado	IX Fórum de Tecnologia e XVI Seminário de Informática
trabalhoCompletoEmCongresso	2005		Obtendo Interoperabilidade Semântica em Sistemas Heterogéneos de Informação com Metamorphosis	XATA - XML	LIBRELOTTO, Giovani R. ; RAMALHO, José Carlos ; HENRIQUES, Pedro Rangel	Qualis nao identificado	XATA - XML
trabalhoCompletoEmCongresso	2005		Constraining XML Topic Maps with XTche	XATA - XML	LIBRELOTTO, Giovani R. ; RAMALHO, José Carlos ; HENRIQUES, Pedro Rangel	Qualis nao identificado	XATA - XML
trabalhoCompletoEmCongresso	2005		Ulisses: Um Navegador Conceptual para Topic Maps	Conferencia Latinoamericana de Informática (CLEI2005)	LIBRELOTTO, Giovani R. ; RAMALHO, José Carlos ; HENRIQUES, Pedro Rangel	B4	Conferencia Latinoamericana de Informática
trabalhoCompletoEmCongresso	2005		Metamorphosis: a Topic Maps based Environment to Handle Heterogeneous Information Resources	International Workshop on Topic Map Research and Applications (TMRA05)	LIBRELOTTO, Giovani R. ; RAMALHO, José Carlos ; HENRIQUES, Pedro Rangel	B5	International Conference on Topic Maps Research and Applications
trabalhoCompletoEmCongresso	2005		XML Topic Maps e Mapas de Conceitos	XATA - XML	PAZ, Francisco ; TEIXEIRA, Paulo ; LOPES, Sandra Cristina Gonçalves Silva ; LIBRELOTTO, Giovani R. ; HENRIQUES, Pedro Rangel	Qualis nao identificado	XATA - XML
trabalhoCompletoEmCongresso	2005	http://dx.doi.org/10.1.1.62.5266	Constraining topic maps: a TMCL declarative implementation	Extreme Markup Languages 2005	RAMALHO, José Carlos ; LIBRELOTTO, Giovani R. ; HENRIQUES, Pedro Rangel	Qualis nao identificado	Extreme Markup Languages 2005
trabalhoCompletoEmCongresso	2004		Um Extractor de Topic Maps a partir de Recursos Heterogéneos de Informação	XATA - XML	LIBRELOTTO, Giovani R. ; RAMALHO, José Carlos ; HENRIQUES, Pedro Rangel	Qualis nao identificado	XATA - XML
trabalhoCompletoEmCongresso	2004		Using the Ontology Paradigm to Integrate Information Systems	International Conference on Knowledge Engineering and Decision Support	LIBRELOTTO, Giovani R. ; RAMALHO, José Carlos ; HENRIQUES, Pedro Rangel	B1	International Conference on Knowledge Engineering and Knowledge Management
trabalhoCompletoEmCongresso	2004		ADRIAN: E-Learning Content Production (creating online exams)	International Conference on Electronic Publishing	LIBRELOTTO, Giovani R. ; RAMALHO, José Carlos ; HENRIQUES, Pedro Rangel	B4	International Conference on Electronic Business
trabalhoCompletoEmCongresso	2004		Extração de Topic Maps no Oveia: Especificação e Processamento	30ma Conferencia Latinoamericana de Informática (CLEI2004)	LIBRELOTTO, Giovani R. ; RAMALHO, José Carlos ; HENRIQUES, Pedro Rangel	B4	Conferencia Latinoamericana de Informática
trabalhoCompletoEmCongresso	2004		XTche - A Language for Topic Maps Schema and Constraints	XML Conference and Exhibition 2004	LIBRELOTTO, Giovani R. ; RAMALHO, José Carlos ; HENRIQUES, Pedro Rangel	Qualis nao identificado	XML Conference and Exhibition 2004
trabalhoCompletoEmCongresso	2004		ADRIAN : sistema de suporte à produção de conteúdos	Conferência eLearning no Ensino Superior	RAMALHO, José Carlos ; LIBRELOTTO, Giovani R. ; HENRIQUES, Pedro Rangel	Qualis nao identificado	Conferência eLearning no Ensino Superior
trabalhoCompletoEmCongresso	2003		RS Compiler	Laptec	ARNOLD, Gustavo Vasconselos ; LIBRELOTTO, Giovani R. ; HENRIQUES, Pedro Rangel	Qualis nao identificado	Laptec
trabalhoCompletoEmCongresso	2003	http://dx.doi.org/10.1.1.2.2580	XML Topic Map Builder: Specification and Generation	XATA - XML	LIBRELOTTO, Giovani R. ; RAMALHO, José Carlos ; HENRIQUES, Pedro Rangel	Qualis nao identificado	XATA - XML
trabalhoCompletoEmCongresso	2003		Ontology driven websites with Topic Maps	The Third International Conference on Web Engineering	LIBRELOTTO, Giovani R. ; RAMALHO, José Carlos ; HENRIQUES, Pedro Rangel	B1	International Conference on Web Engineering
trabalhoCompletoEmCongresso	2003		TM-Builder: Um Construtor de Ontologias baseado em Topic Maps	XXIX Conferencia Latinoamericana de Informática	LIBRELOTTO, Giovani R. ; RAMALHO, José Carlos ; HENRIQUES, Pedro Rangel	B4	Conferencia Latinoamericana de Informática
trabalhoCompletoEmCongresso	2003		Geração automática de interfaces Web para Sistemas de Informação: Metamorphosis	Coopmedia	LIBRELOTTO, Giovani R. ; RAMALHO, José Carlos ; HENRIQUES, Pedro Rangel	Qualis nao identificado	Coopmedia
trabalhoCompletoEmCongresso	2003		Adrian: a platform for E-Learning Content Prodution	Second International Conference on Multimedia and ICTs in Education	LIBRELOTTO, Giovani R. ; RAMALHO, José Carlos ; HENRIQUES, Pedro Rangel	B5	International Conference on Multimedia and ICT in Education
trabalhoCompletoEmCongresso	2003		Ontology driven Websites Metamorphosis: a framework to specify and manage ontology driven websites	ElPub'03 - Seventh International Conference on Electronic Publishing	RAMALHO, José Carlos ; LIBRELOTTO, Giovani R. ; HENRIQUES, Pedro Rangel	Qualis nao identificado	ElPub'03 - Seventh International Conference on Electronic Publishing
trabalhoCompletoEmCongresso	2002		Constraint Specification Languages: comparing XSCL, Schematron and XML-Schemas	XML Europe 2002	JACINTO, Marta Henriques ; LIBRELOTTO, Giovani R. ; RAMALHO, José Carlos ; HENRIQUES, Pedro Rangel	Qualis nao identificado	XML Europe 2002
trabalhoCompletoEmCongresso	2002		Bidirectional Conversion between XML Documents and Relational Data Bases	CSCWD 2002 - The Seventh International Conference on CSWD Design	JACINTO, Marta Henriques ; LIBRELOTTO, Giovani R. ; RAMALHO, José Carlos ; HENRIQUES, Pedro Rangel	Qualis nao identificado	CSCWD 2002 - The Seventh International Conference on CSWD Design
trabalhoCompletoEmCongresso	2002		XCSL: XML Constraint Specification Language	XXVIII Conferencia Latinoamericana de Informática - CLEI	JACINTO, Marta Henriques ; LIBRELOTTO, Giovani R. ; RAMALHO, José Carlos ; HENRIQUES, Pedro Rangel	B4	Conferencia Latinoamericana de Informática
trabalhoCompletoEmCongresso	2001		A Definição da Linguagem Reativa Síncrona RS 5.0	Simpósio Brasileiro de Linguagens de Programação	LIBRELOTTO, Giovani R. ; TOSCANI, Simão Sirineo	B3	
trabalhoCompletoEmCongresso	2001		A Apresentação da Linguagem RS 5.0	Workshop de Tempo Real	LIBRELOTTO, Giovani R. ; TOSCANI, Simão Sirineo	Qualis nao identificado	Workshop de Tempo Real
trabalhoCompletoEmCongresso	2001		A Linguagem Reativa Distribuída RS 5.0 e seu Ambiente de Execução	XXVII Conferencia Latinoamericana de Informática	LIBRELOTTO, Giovani R. ; TOSCANI, Simão Sirineo	B4	Conferencia Latinoamericana de Informática
trabalhoCompletoEmCongresso	2000		Um Compilador para a Linguagem RS Distribuída (RS v5.0)	V Semâna Acadêmica do PPGC - UFRGS	LIBRELOTTO, Giovani R. ; TOSCANI, Simão Sirineo	Qualis nao identificado	V Semâna Acadêmica do PPGC - UFRGS
trabalhoCompletoEmCongresso	2000		Distribution of the RS language in the MDX environment	Simpósio Brasileiro de Linguagens de Programação	LIBRELOTTO, Giovani R. ; TOSCANI, Simão Sirineo ; MONTEIRO, Luís Fernando	B3	
resumoExpandidoEmCongresso	2009	An Ontology to Integrate Transcriptomics and Interatomics Data Involved in Gene Pathways of Genome Stability	4th Brazilian Symposium on Bioinformatics (BSB 2009), 2009, Porto Alegre, RS. Advances in Bioinformatics and Computational Biology. Berlin: Springer Berlin / Heidelberg	LIBRELOTTO, Giovani R. ; MOMBACH, J. C. M. ; SINIGAGLIA, M. ; SIMAO, E. ; CABRAL, H. C. B. ; CASTRO, M. A. A.	B4	Brazilian Symposium on Bioinformatics
resumoExpandidoEmCongresso	2009	Ontocancro: A Database on Human Pathways of Genome Maintenance Mechanisms	AB3C X-meeting 2009, 2009, Angra dos Reis, RJ. Anais do AB3C X-meeting 2009	LIBRELOTTO, Giovani R. ; SINIGAGLIA, M. ; CABRAL, H. C. B. ; CASTRO, M. A. A. ; MOMBACH, J. C. M.	Qualis nao identificado	AB3C X-meeting 2009, 2009, Angra dos Reis, RJ. Anais do AB3C X-meeting 2009
resumoExpandidoEmCongresso	2008	Ontologia para Integrar Dados de Interatoma e Transcriptoma de Câncer	III Workshop em Nanociências, 2008, Santa Maria, RS. III Workshop em Nanociências	CABRAL, H. C. B. ; LIBRELOTTO, Giovani R. ; VIZZOTTO, J. K. ; SOARES, K. ; MOMBACH, J. C. M. ; SINIGAGLIA, M. ; CASTRO, M. A. A.	Qualis nao identificado	III Workshop em Nanociências, 2008, Santa Maria, RS. III Workshop em Nanociências
resumoExpandidoEmCongresso	2008	Especificação de uma Ontologia para um Ambiente Hospitalar	III Workshop em Nanociências, 2008, Santa Maria, RS. III Workshop em Nanociências	GASSEN, J. B. ; SILVEIRA, M. C. ; FREITAS, L. O. ; LIBRELOTTO, Giovani R.	Qualis nao identificado	III Workshop em Nanociências, 2008, Santa Maria, RS. III Workshop em Nanociências
resumoExpandidoEmCongresso	2008	ActiveRulesDBX Ferramenta para Execução de Regras a partir da Detecção de Eventos Temporais	JISBD 2008 - 13th Conference on Software Engineering and Databases, 2008, Gijón, Espanha. JISBD 2008 - 13th Conference on Software Engineering and Databases	KASPER, J. ; SIMONETTO, Eugênio de Oliveira ; LIBRELOTTO, Giovani R.	Qualis nao identificado	JISBD 2008 - 13th Conference on Software Engineering and Databases, 2008, Gijón, Espanha. JISBD 2008 - 13th Conference on Software Engineering and Databases
resumoExpandidoEmCongresso	2008	Classificação e Identificação Automática de Cromossomos Humanos	III Workshop em Nanociências, 2008, Santa Maria, RS. III Workshop em Nanociências	KURTZ, G. C. ; BORCHARTT, T. B. ; LIBRELOTTO, Giovani R. ; PERLES, L. A. ; SAGRILLO, M. R.	Qualis nao identificado	III Workshop em Nanociências, 2008, Santa Maria, RS. III Workshop em Nanociências
resumoExpandidoEmCongresso	2008	Representação do conhecimento do domínio do PubMed	III Workshop em Nanociências, 2008, Santa Maria, RS. III Workshop em Nanociências	MACHADO, H. T. ; AZEVEDO, R. P. ; VIZZOTTO, J. K. ; LIBRELOTTO, Giovani R.	Qualis nao identificado	III Workshop em Nanociências, 2008, Santa Maria, RS. III Workshop em Nanociências
resumoExpandidoEmCongresso	2008	Uma Arquitetura para um Sistema de Banco de Dados para Nanotubos de Carbono	Simpósio Internacional Uma Sociedade pós-humana? Possibilidades e limites das nanotecnologias, 2008, São Leopoldo, RS. Simpósio Internacional Uma Sociedade pós-humana? Possibilidades e limites das nanotecnologias	SCHIFELBEIN, E.R.S. ; LIBRELOTTO, Giovani R.	Qualis nao identificado	Simpósio Internacional Uma Sociedade pós-humana? Possibilidades e limites das nanotecnologias, 2008, São Leopoldo, RS. Simpósio Internacional Uma Sociedade pós-humana? Possibilidades e limites das nanotecnologias
resumoExpandidoEmCongresso	2008	Uma Arquitetura para um Sistema de Banco de Dados para Nanotubos de Carbono	III Workshop em Nanociências, 2008, Santa Maria, RS. III Workshop em Nanociências	SCHIFELBEIN, E.R.S. ; TREVISAN, L. ; LIBRELOTTO, Giovani R. ; MORTARI, S.	Qualis nao identificado	III Workshop em Nanociências, 2008, Santa Maria, RS. III Workshop em Nanociências
resumoExpandidoEmCongresso	2005	XML Topic Maps: da Sintaxe à Semântica	II Simpósio Doutoral do DI, 2005, Braga. II Simpósio Doutoral do DI	LIBRELOTTO, Giovani R.	Qualis nao identificado	II Simpósio Doutoral do DI, 2005, Braga. II Simpósio Doutoral do DI
